N,P,K,temperature,humidity,ph,rainfall,crop
96.5,84.8,54.1,28.99,84.21,6.48,90.32,Banana
99.7,24.4,29.9,27.23,66.64,6.48,140.0,Coffee
92.4,41.4,41.8,25.32,85.96,6.47,229.42,Rice
28.1,69.9,83.7,19.84,14.64,6.35,88.34,Chickpea
75.6,35.3,44.1,20.64,83.19,6.95,294.07,Rice
107.0,81.0,45.7,27.32,83.21,6.11,114.96,Banana
38.1,77.3,79.4,18.82,17.79,7.62,81.08,Chickpea
114.4,22.7,49.8,25.56,89.75,6.97,44.31,Watermelon
26.1,69.8,76.9,17.99,19.13,6.5,62.13,Chickpea
80.6,26.3,34.3,26.33,66.45,6.02,158.78,Coffee
115.6,26.4,33.3,27.96,53.27,6.83,170.69,Coffee
91.8,41.8,39.4,20.55,80.25,6.96,280.32,Rice
77.4,45.0,41.2,24.45,80.45,6.37,255.1,Rice
115.2,34.3,28.4,24.69,50.14,6.82,184.29,Coffee
73.8,59.4,21.4,25.4,57.65,6.83,106.14,Maize
62.7,49.6,18.5,23.59,55.91,6.85,108.67,Maize
27.5,61.0,15.3,19.96,20.63,5.84,74.46,Kidneybeans
96.2,18.4,34.8,27.27,59.97,6.72,130.45,Coffee
109.3,19.7,33.1,25.94,54.22,6.28,166.52,Coffee
30.4,63.4,84.8,19.57,18.21,8.01,76.86,Chickpea
34.2,77.0,77.2,19.03,17.65,6.76,64.1,Chickpea
115.5,51.5,19.4,24.59,75.61,7.63,107.03,Cotton
129.0,58.2,19.3,22.48,80.12,6.7,78.74,Cotton
49.6,66.4,81.9,17.42,16.91,5.98,75.16,Chickpea
89.8,35.8,40.7,25.34,88.77,6.34,278.55,Rice
63.1,36.5,18.3,25.06,69.15,6.75,85.86,Maize
124.9,53.0,16.1,22.14,84.94,6.47,62.69,Cotton
17.1,64.2,22.5,15.46,20.96,5.68,90.1,Kidneybeans
45.6,66.0,83.5,19.68,14.37,8.46,73.45,Chickpea
18.2,71.6,21.9,21.31,22.52,5.85,105.0,Kidneybeans
42.4,66.8,75.6,19.87,19.66,8.18,89.74,Chickpea
87.0,21.7,25.2,25.0,61.0,6.74,169.71,Coffee
107.2,44.8,24.5,22.56,82.64,6.22,109.06,Cotton
104.8,35.9,15.5,25.34,76.18,6.09,81.89,Cotton
42.1,75.9,82.4,17.43,18.52,8.13,79.76,Chickpea
26.1,70.6,23.7,23.96,21.5,5.82,89.42,Kidneybeans
45.9,59.5,83.0,18.66,16.38,6.28,85.96,Chickpea
78.2,50.5,37.8,21.32,84.64,6.35,250.04,Rice
44.9,70.0,76.1,17.28,19.46,7.84,84.88,Chickpea
109.2,57.4,17.6,22.88,76.38,7.72,85.0,Cotton
120.0,85.2,49.0,26.13,77.57,5.98,101.02,Banana
85.0,37.9,44.4,24.39,83.35,6.14,275.28,Rice
97.9,92.0,53.9,25.98,81.14,5.59,101.75,Banana
49.4,67.1,83.6,18.77,16.25,6.73,66.1,Chickpea
83.6,26.6,48.2,24.53,82.39,6.42,45.02,Watermelon
46.7,63.6,76.5,17.08,17.87,7.75,70.22,Chickpea
23.7,74.9,77.8,19.63,19.66,6.33,73.88,Chickpea
85.3,50.8,40.4,20.63,88.35,6.32,202.38,Rice
81.3,48.5,41.4,25.08,89.76,6.52,218.75,Rice
77.3,42.8,20.1,21.96,57.11,6.57,70.8,Maize
109.0,50.4,15.4,23.3,79.69,6.3,109.23,Cotton
94.2,85.6,52.3,29.66,77.79,6.45,91.9,Banana
47.9,65.1,84.1,17.96,16.86,6.56,79.21,Chickpea
73.9,52.0,20.7,20.4,72.57,6.76,92.92,Maize
93.2,88.0,53.5,26.28,75.21,5.72,91.7,Banana
44.7,78.9,83.2,17.0,17.82,6.05,67.73,Chickpea
95.2,27.8,51.2,25.24,89.34,6.05,44.21,Watermelon
109.9,76.4,46.3,25.29,78.05,5.66,95.22,Banana
80.0,11.0,47.1,24.75,88.06,6.28,43.83,Watermelon
41.1,62.5,76.1,19.35,17.86,6.04,70.8,Chickpea
45.2,66.8,84.8,18.9,14.76,7.86,69.75,Chickpea
78.7,50.3,16.7,26.92,59.63,6.93,92.48,Maize
82.7,53.5,23.8,21.64,61.54,6.6,100.39,Maize
67.1,37.2,36.2,23.23,82.06,6.36,240.41,Rice
91.2,37.7,22.6,22.87,74.26,6.21,91.63,Maize
108.1,28.9,50.3,25.2,89.54,6.64,45.96,Watermelon
83.4,58.5,40.8,22.72,86.43,6.46,245.47,Rice
20.5,79.1,77.5,19.03,18.24,7.67,69.39,Chickpea
25.2,63.2,21.6,23.74,21.37,5.79,66.16,Kidneybeans
29.5,79.8,22.6,18.98,22.24,5.66,80.6,Kidneybeans
20.8,76.0,75.1,19.11,19.82,7.17,67.05,Chickpea
60.4,38.4,44.0,26.12,85.97,6.6,259.8,Rice
104.6,81.6,52.9,29.11,80.54,5.68,104.03,Banana
92.6,42.0,36.2,24.88,86.29,6.88,268.21,Rice
64.5,51.8,40.2,25.41,85.2,6.85,246.23,Rice
36.5,62.2,78.1,18.06,17.73,6.87,81.98,Chickpea
61.3,37.0,19.0,19.19,66.35,6.63,100.03,Maize
74.9,54.4,38.4,26.52,88.58,6.43,270.1,Rice
110.0,11.8,46.2,24.76,89.21,6.58,50.67,Watermelon
85.9,18.2,32.9,26.08,50.9,6.75,137.8,Coffee
111.1,86.1,48.7,29.75,75.22,5.8,117.63,Banana
71.4,42.7,23.0,22.85,61.23,6.53,95.81,Maize
88.8,18.3,29.1,27.63,64.21,6.5,156.55,Coffee
83.4,47.6,41.1,20.13,88.72,6.93,247.82,Rice
38.3,62.4,24.3,21.15,21.19,5.51,102.8,Kidneybeans
82.8,12.0,48.2,26.84,82.83,6.46,53.43,Watermelon
106.7,93.7,49.1,26.63,81.07,6.43,115.11,Banana
86.2,41.8,24.5,19.36,63.65,6.93,80.99,Maize
90.8,25.6,50.2,25.39,83.14,6.58,54.6,Watermelon
103.2,46.9,21.3,25.31,82.83,6.55,107.04,Cotton
19.4,71.4,20.8,19.41,21.87,5.59,109.74,Kidneybeans
23.9,62.1,17.2,19.67,21.65,5.6,65.2,Kidneybeans
96.3,41.2,17.7,24.83,63.99,6.73,63.27,Maize
39.5,73.5,78.2,18.93,16.37,7.97,65.98,Chickpea
99.5,27.0,50.3,26.79,84.84,6.49,42.39,Watermelon
114.8,43.9,18.4,24.08,79.41,7.76,85.28,Cotton
33.8,71.6,24.0,22.36,22.54,5.52,60.62,Kidneybeans
98.8,16.4,50.8,25.07,81.64,6.5,56.6,Watermelon
94.4,53.1,15.7,24.37,65.87,5.9,82.92,Maize
78.1,48.1,39.4,22.81,85.6,6.16,201.83,Rice
32.1,71.5,19.3,17.48,22.61,5.59,122.31,Kidneybeans
73.4,54.3,36.1,20.53,87.28,6.5,262.61,Rice
135.2,51.2,24.0,24.49,76.31,6.62,70.09,Cotton
77.5,57.6,38.5,23.6,87.84,6.4,254.65,Rice
119.5,16.1,26.4,23.26,62.52,6.07,185.28,Coffee
101.4,46.1,23.2,25.54,75.87,7.08,105.66,Cotton
112.9,83.4,53.4,25.17,78.67,5.74,103.42,Banana
101.6,16.5,54.5,26.02,80.65,6.47,44.8,Watermelon
102.6,82.0,48.8,26.82,75.52,6.19,103.09,Banana
103.4,5.2,52.6,26.14,83.66,6.05,55.1,Watermelon
34.9,62.1,76.3,18.89,14.33,8.07,69.53,Chickpea
94.7,17.1,31.3,23.61,69.72,6.94,145.12,Coffee
84.3,47.8,17.3,19.59,59.41,6.02,98.98,Maize
110.7,17.4,48.1,26.44,88.67,6.67,40.94,Watermelon
122.2,55.6,21.3,25.14,80.99,6.83,107.9,Cotton
97.8,11.4,46.9,26.01,80.0,6.81,41.58,Watermelon
84.8,51.3,16.5,18.55,70.62,6.35,62.91,Maize
75.8,54.0,22.0,19.39,71.32,6.07,71.19,Maize
124.3,46.1,22.4,22.91,75.58,6.6,83.72,Cotton
89.7,45.6,18.5,21.34,74.75,5.85,103.35,Maize
39.2,68.9,20.0,17.22,20.83,5.76,127.61,Kidneybeans
100.4,18.6,48.6,24.24,81.93,6.95,48.17,Watermelon
112.7,29.0,52.9,25.81,84.93,6.04,59.69,Watermelon
104.9,80.1,51.8,27.1,84.61,6.1,114.22,Banana
40.8,74.3,81.5,17.45,19.26,7.46,68.47,Chickpea
111.3,75.4,45.4,26.01,76.79,5.84,102.55,Banana
25.9,70.3,77.8,17.62,17.1,5.92,60.23,Chickpea
71.7,57.4,35.1,20.6,82.08,6.03,201.77,Rice
136.7,57.2,21.3,25.23,75.69,6.67,75.69,Cotton
103.1,35.1,21.7,24.57,79.11,6.98,80.77,Cotton
75.7,45.3,22.0,18.03,67.39,6.23,99.71,Maize
114.2,78.8,51.4,26.23,76.09,6.29,92.97,Banana
24.3,63.7,79.5,19.25,17.91,7.7,70.57,Chickpea
73.9,51.6,23.0,26.34,59.69,6.28,67.62,Maize
102.9,10.4,53.6,26.83,85.18,6.35,44.68,Watermelon
121.6,50.1,17.2,24.5,80.72,6.37,62.98,Cotton
120.5,42.2,15.1,23.98,77.86,7.47,61.2,Cotton
21.8,64.0,18.1,17.17,19.29,5.67,141.71,Kidneybeans
16.9,67.5,23.0,18.9,23.98,5.72,88.9,Kidneybeans
117.0,17.9,46.2,25.58,81.27,6.59,49.65,Watermelon
91.6,93.4,50.3,28.07,79.82,5.59,113.04,Banana
123.0,49.2,23.8,24.23,84.6,6.1,64.9,Cotton
41.2,56.6,76.5,17.02,17.79,7.2,64.03,Chickpea
133.3,55.1,23.7,22.24,81.92,6.28,80.79,Cotton
86.8,22.7,28.5,25.16,65.64,6.58,181.46,Coffee
24.3,78.6,15.6,15.83,18.98,5.74,73.54,Kidneybeans
134.3,51.7,19.4,25.81,82.19,7.86,86.38,Cotton
118.4,55.7,23.3,24.84,76.05,7.68,93.55,Cotton
22.6,68.1,21.7,21.14,19.89,5.55,116.92,Kidneybeans
21.7,63.8,21.9,16.97,21.57,5.61,119.58,Kidneybeans
92.2,93.9,47.2,29.61,79.26,6.49,106.62,Banana
36.4,64.5,84.8,17.33,16.54,6.02,82.2,Chickpea
133.8,41.6,19.2,22.16,79.49,7.16,88.55,Cotton
86.3,60.0,15.5,26.79,63.14,6.84,99.12,Maize
116.1,28.2,45.1,24.23,82.5,6.67,57.77,Watermelon
32.6,73.8,76.0,17.83,15.66,7.15,89.41,Chickpea
26.6,55.9,76.1,18.02,18.82,7.56,75.38,Chickpea
68.2,38.0,21.2,24.97,67.88,6.44,62.1,Maize
93.1,80.8,47.3,27.58,77.53,6.44,117.18,Banana
41.3,62.9,79.7,19.46,16.76,6.94,74.83,Chickpea
117.4,79.2,48.7,26.92,83.37,6.15,108.43,Banana
108.6,20.1,48.0,25.23,82.18,6.97,42.61,Watermelon
90.5,11.0,49.8,26.66,83.78,6.75,41.94,Watermelon
64.0,45.0,23.0,19.84,66.1,6.68,90.8,Maize
67.9,49.1,19.6,26.75,67.17,6.22,65.7,Maize
85.8,30.2,30.0,27.56,52.93,6.78,130.96,Coffee
63.2,48.1,39.1,26.88,81.12,6.4,296.34,Rice
82.0,24.9,26.2,25.0,57.01,6.93,182.29,Coffee
87.9,17.0,26.7,27.62,66.43,6.42,169.02,Coffee
89.9,51.2,43.5,24.6,85.68,6.09,224.13,Rice
118.7,33.9,28.3,25.85,68.19,6.01,182.96,Coffee
112.3,11.2,45.6,24.4,88.59,6.63,45.06,Watermelon
45.6,71.7,80.9,19.68,15.11,6.13,67.19,Chickpea
64.2,51.4,23.2,21.42,70.51,6.96,70.19,Maize
80.8,43.4,23.3,21.88,59.97,6.54,95.34,Maize
38.7,68.0,22.8,17.39,23.94,5.51,114.32,Kidneybeans
65.2,35.8,24.2,23.55,70.93,6.38,65.87,Maize
93.6,72.8,49.1,28.24,82.12,5.68,92.39,Banana
62.4,41.9,43.1,25.24,81.85,6.21,224.46,Rice
98.6,17.7,34.3,27.34,64.15,6.13,179.83,Coffee
136.8,35.3,20.5,24.96,79.85,6.17,108.62,Cotton
103.8,17.1,25.2,27.55,55.39,6.98,199.94,Coffee
87.6,51.9,17.2,23.93,62.88,6.58,65.33,Maize
80.9,15.8,53.8,24.9,80.95,6.76,52.12,Watermelon
68.2,56.9,23.8,25.84,59.78,6.34,109.25,Maize
81.6,9.9,50.4,26.8,88.35,6.84,46.06,Watermelon
25.0,63.1,20.7,17.49,23.53,5.73,113.36,Kidneybeans
104.2,27.6,29.2,23.72,51.87,6.02,188.62,Coffee
38.7,69.3,83.3,19.72,14.07,7.85,61.56,Chickpea
18.7,66.9,23.6,16.39,18.5,5.69,87.22,Kidneybeans
86.7,34.7,33.2,24.41,51.4,6.07,120.83,Coffee
115.3,54.4,18.4,24.51,76.92,6.29,106.9,Cotton
90.9,40.0,35.1,25.71,87.07,6.73,272.55,Rice
115.7,16.6,28.3,24.24,69.76,6.47,175.94,Coffee
24.8,64.7,17.2,23.64,21.7,5.72,97.42,Kidneybeans
90.9,38.3,24.7,22.08,59.72,5.89,68.49,Maize
82.9,50.8,39.5,22.05,83.29,6.67,270.28,Rice
106.0,25.6,49.2,24.22,82.74,6.98,51.93,Watermelon
82.4,15.3,50.5,25.31,87.49,6.83,55.42,Watermelon
63.7,49.7,19.8,23.78,56.3,6.5,88.07,Maize
107.0,32.2,34.6,26.14,53.68,6.13,183.16,Coffee
108.4,5.2,50.2,24.11,85.69,6.92,59.37,Watermelon
110.8,40.0,22.8,25.64,78.7,7.5,104.85,Cotton
107.1,25.1,50.6,26.22,86.62,6.36,56.18,Watermelon
86.2,19.9,33.4,24.05,51.45,6.84,146.23,Coffee
88.4,37.7,20.7,20.31,74.26,6.38,100.3,Maize
112.3,30.4,26.1,26.22,66.69,6.69,168.18,Coffee
108.2,35.0,15.4,25.91,77.42,7.33,101.95,Cotton
122.9,43.5,21.5,22.27,83.97,6.24,76.39,Cotton
118.3,82.2,48.4,29.62,75.24,6.08,106.47,Banana
112.3,85.5,53.0,27.16,82.86,5.96,118.23,Banana
98.3,25.6,25.3,26.19,51.63,6.52,136.34,Coffee
21.6,79.3,77.3,17.91,15.82,6.57,60.04,Chickpea
114.7,23.6,34.7,25.26,52.86,6.47,195.65,Coffee
98.4,20.2,46.9,26.41,89.67,6.27,49.9,Watermelon
70.1,53.9,19.6,25.58,69.57,6.73,92.81,Maize
101.0,43.4,16.8,22.39,84.57,7.2,96.43,Cotton
84.6,42.7,21.2,22.74,63.52,5.96,104.33,Maize
113.5,55.7,15.0,23.23,77.41,6.47,63.41,Cotton
27.9,66.2,20.7,17.93,18.24,5.61,60.57,Kidneybeans
108.1,71.4,53.9,27.65,81.69,6.33,94.51,Banana
93.1,7.8,53.7,25.91,81.65,6.43,45.75,Watermelon
95.3,8.8,51.7,24.85,85.86,6.59,48.91,Watermelon
86.0,17.7,49.6,26.7,89.3,6.38,49.83,Watermelon
86.0,48.6,15.6,22.61,71.13,6.35,62.6,Maize
23.8,61.9,19.9,23.29,18.24,5.62,78.68,Kidneybeans
85.6,26.4,33.7,25.92,64.36,6.45,118.32,Coffee
99.2,47.3,38.3,24.43,82.4,6.08,195.47,Rice
86.5,48.9,22.3,22.19,56.2,6.47,107.88,Maize
117.7,36.2,23.2,25.31,80.88,6.71,99.99,Cotton
21.8,70.1,81.9,17.34,16.3,7.22,71.07,Chickpea
83.3,45.5,43.9,25.72,83.42,6.26,225.56,Rice
105.5,18.9,52.4,25.01,87.65,6.43,49.68,Watermelon
123.4,58.5,16.7,23.89,75.91,7.25,87.53,Cotton
82.1,5.3,53.0,25.43,81.31,6.24,58.65,Watermelon
46.7,62.2,78.7,17.17,14.67,7.4,68.03,Chickpea
89.6,34.0,28.1,23.84,59.21,6.37,113.16,Coffee
15.8,73.2,20.3,15.93,19.04,5.73,86.67,Kidneybeans
91.5,91.3,50.5,25.99,78.17,5.78,105.93,Banana
90.6,28.4,25.5,23.57,50.08,7.2,182.2,Coffee
31.8,65.5,79.1,19.72,18.28,7.66,69.28,Chickpea
37.4,65.9,80.8,18.55,18.55,6.72,70.59,Chickpea
99.9,48.9,42.7,26.61,88.5,6.25,234.07,Rice
92.9,25.9,30.5,24.78,58.95,7.16,143.96,Coffee
88.8,42.4,40.7,23.33,86.64,6.94,267.91,Rice
38.5,76.4,24.8,17.34,23.82,5.67,91.28,Kidneybeans
118.3,41.4,22.5,24.05,78.21,7.19,109.79,Cotton
90.8,5.5,52.2,24.1,85.95,6.54,59.38,Watermelon
99.5,44.4,38.7,25.69,89.47,6.99,270.41,Rice
77.4,41.2,43.2,25.6,86.95,6.27,250.83,Rice
121.4,50.9,17.0,22.85,75.41,6.64,87.99,Cotton
20.1,59.2,82.1,19.0,19.8,8.11,88.52,Chickpea
43.0,76.1,81.1,17.27,16.93,6.13,72.23,Chickpea
68.6,35.8,37.6,24.17,80.51,6.5,251.62,Rice
85.4,17.9,32.0,26.21,65.65,7.12,172.27,Coffee
91.3,28.7,53.4,26.17,80.78,6.11,49.86,Watermelon
85.0,46.3,20.9,19.51,69.74,6.84,70.84,Maize
24.3,73.2,16.4,20.14,19.11,5.61,79.68,Kidneybeans
67.1,48.6,24.8,26.44,55.86,6.0,66.59,Maize
119.9,77.2,46.5,26.2,84.36,6.02,100.94,Banana
40.0,66.5,22.5,22.26,23.15,5.9,81.73,Kidneybeans
38.6,60.0,79.0,17.12,16.85,7.47,66.83,Chickpea
113.4,11.6,49.5,25.61,86.64,6.78,47.9,Watermelon
120.7,49.5,24.4,24.69,79.81,7.62,107.53,Cotton
127.9,44.1,23.8,24.9,76.13,6.82,104.32,Cotton
99.6,21.4,26.9,24.55,69.5,6.49,150.02,Coffee
19.5,63.1,23.3,15.38,20.52,5.57,139.14,Kidneybeans
35.6,67.9,16.6,21.64,20.16,5.77,84.36,Kidneybeans
97.6,26.4,51.8,26.65,82.04,6.87,41.2,Watermelon
18.6,73.8,17.1,18.53,23.37,5.58,105.7,Kidneybeans
21.8,64.4,21.6,20.7,21.56,5.51,125.59,Kidneybeans
98.0,28.9,32.3,27.98,55.75,6.65,158.0,Coffee
139.7,41.0,23.7,25.32,77.25,6.8,80.48,Cotton
103.5,24.1,30.2,23.04,58.45,6.86,149.84,Coffee
62.1,45.5,17.6,24.58,74.63,6.11,92.71,Maize
96.5,47.8,40.0,25.59,86.5,6.7,275.5,Rice
81.9,52.3,41.5,21.57,87.12,6.24,219.05,Rice
74.7,36.7,15.3,19.22,74.26,6.46,108.29,Maize
24.7,62.7,77.9,19.61,18.04,8.21,67.51,Chickpea
67.0,57.9,39.2,22.68,85.19,6.05,199.95,Rice
119.9,88.8,51.4,26.78,75.49,5.53,106.63,Banana
112.6,33.7,30.1,27.75,60.71,6.47,186.34,Coffee
65.6,42.3,38.7,23.19,87.85,6.2,241.71,Rice
87.0,22.2,31.4,23.35,57.23,6.64,199.66,Coffee
125.5,55.5,15.4,23.99,81.89,6.5,75.39,Cotton
97.7,6.2,50.4,25.02,84.73,6.61,57.38,Watermelon
139.1,51.1,24.3,23.21,82.82,7.53,94.58,Cotton
101.7,17.6,28.8,23.5,62.46,6.54,180.02,Coffee
91.8,23.9,32.3,26.46,69.75,6.27,169.61,Coffee
119.9,70.6,46.1,28.05,83.21,5.79,97.18,Banana
25.7,71.8,84.8,17.31,14.05,7.16,62.78,Chickpea
94.6,87.8,51.8,25.12,79.12,5.83,110.08,Banana
41.1,65.6,78.5,18.19,15.59,6.5,74.49,Chickpea
97.1,88.3,45.4,25.47,75.07,5.65,92.07,Banana
81.3,36.3,38.4,20.94,80.63,6.99,218.68,Rice
93.9,32.9,34.7,25.22,56.42,6.63,171.9,Coffee
32.4,73.0,17.8,16.41,21.82,5.74,76.14,Kidneybeans
104.2,19.0,49.9,25.51,81.76,6.81,50.84,Watermelon
93.1,22.0,31.0,24.37,50.53,6.88,166.31,Coffee
103.6,89.8,53.4,28.27,77.28,5.77,99.45,Banana
83.4,34.7,31.7,24.43,61.72,6.13,196.93,Coffee
81.5,21.1,47.6,24.16,82.31,6.8,57.03,Watermelon
88.7,52.3,24.9,19.16,57.08,6.67,88.92,Maize
119.0,88.8,53.1,25.16,79.68,6.15,114.9,Banana
120.3,38.5,24.8,23.0,75.73,7.33,89.77,Cotton
100.7,16.5,31.3,24.27,66.07,6.98,198.11,Coffee
117.4,24.2,51.6,26.47,86.48,6.97,54.28,Watermelon
89.8,49.6,44.6,22.62,82.86,6.87,206.83,Rice
98.5,35.3,44.7,20.3,88.91,6.53,299.16,Rice
98.1,33.9,31.8,24.51,53.77,6.36,118.37,Coffee
90.5,54.9,19.4,25.36,57.4,6.45,60.29,Maize
72.4,43.1,42.3,24.46,88.87,6.47,194.35,Rice
31.9,73.6,18.7,23.48,19.0,5.7,122.18,Kidneybeans
99.6,76.3,50.3,29.12,76.03,6.44,113.85,Banana
80.9,42.2,22.9,23.2,67.69,6.76,79.8,Maize
46.8,78.7,83.9,18.26,18.68,7.28,74.93,Chickpea
81.6,15.4,32.7,23.67,59.35,6.73,148.55,Coffee
113.6,71.4,48.7,27.53,80.6,6.23,100.65,Banana
125.4,43.9,16.5,24.39,83.14,6.76,66.61,Cotton
93.8,74.4,54.6,28.47,83.01,5.9,100.09,Banana
136.9,47.6,18.3,24.95,75.37,6.95,76.82,Cotton
82.7,5.7,47.4,26.64,84.16,6.72,58.37,Watermelon
15.5,76.5,20.2,21.98,19.41,5.64,62.71,Kidneybeans
33.3,72.4,16.9,15.23,19.71,5.68,115.54,Kidneybeans
116.3,74.0,49.6,28.03,81.92,5.88,116.07,Banana
15.7,71.7,15.1,22.09,19.84,5.52,112.95,Kidneybeans
138.8,56.6,21.0,24.8,77.85,7.26,82.78,Cotton
95.1,59.9,18.7,22.04,69.44,6.86,89.65,Maize
86.6,12.1,52.9,26.72,89.75,6.23,57.63,Watermelon
77.9,50.0,20.2,26.27,64.94,6.99,102.57,Maize
47.6,79.8,75.4,19.28,16.23,7.04,82.63,Chickpea
67.3,39.6,38.0,23.67,84.32,6.29,253.42,Rice
61.4,57.7,37.6,24.64,83.12,6.52,245.61,Rice
39.3,72.4,80.1,17.92,15.28,6.0,69.12,Chickpea
104.7,85.1,48.3,29.92,81.67,5.54,99.8,Banana
16.6,76.5,17.9,19.0,18.13,5.62,105.24,Kidneybeans
121.1,43.4,20.2,22.79,83.05,6.37,64.25,Cotton
76.0,49.5,20.3,23.47,70.3,6.78,95.91,Maize
119.7,75.2,45.1,29.99,77.81,6.17,95.3,Banana
69.7,37.3,44.0,26.3,86.33,6.34,221.91,Rice
107.5,90.4,54.9,26.94,75.47,6.3,108.13,Banana
48.7,55.2,85.0,19.03,18.97,6.75,60.43,Chickpea
116.4,22.7,31.3,25.15,58.76,6.37,178.59,Coffee
112.0,19.8,25.7,24.58,55.34,6.61,180.0,Coffee
111.9,36.9,16.7,22.51,76.23,7.04,72.29,Cotton
21.5,63.2,16.6,15.63,19.11,5.77,139.35,Kidneybeans
108.4,38.3,17.0,25.08,79.26,7.13,61.05,Cotton
20.3,73.3,19.1,18.62,23.31,5.86,141.83,Kidneybeans
99.6,17.8,47.7,25.36,84.71,6.71,58.81,Watermelon
48.8,59.9,84.5,19.98,18.27,8.75,77.09,Chickpea
80.5,52.0,15.4,18.76,69.33,5.89,63.56,Maize
66.0,40.6,17.5,25.66,66.22,6.43,65.74,Maize
67.0,52.3,38.9,26.56,81.38,6.34,193.62,Rice
38.4,76.8,82.2,17.36,19.41,6.09,76.02,Chickpea
36.2,60.9,22.3,18.07,20.87,5.87,89.88,Kidneybeans
69.9,43.9,42.6,20.1,81.16,6.05,184.89,Rice
29.0,70.0,78.0,17.9,18.46,6.04,87.09,Chickpea
89.9,47.6,37.3,26.3,83.84,6.54,288.78,Rice
97.1,24.4,34.3,26.21,56.23,6.63,115.94,Coffee
92.1,42.1,36.8,25.25,88.07,6.99,229.51,Rice
15.8,64.1,18.4,19.6,21.69,5.86,105.89,Kidneybeans
74.9,40.7,15.7,23.43,68.36,6.54,83.17,Maize
60.5,51.6,36.8,26.73,81.49,6.41,190.24,Rice
100.2,29.7,49.7,24.17,82.62,6.44,43.14,Watermelon
100.0,90.4,45.4,29.35,80.13,5.9,104.92,Banana
107.0,78.9,48.8,27.06,82.28,5.95,115.7,Banana
87.4,39.1,44.1,25.76,89.5,6.73,253.61,Rice
108.0,15.3,46.4,26.0,85.25,6.64,46.76,Watermelon
106.7,43.9,19.0,22.23,80.83,7.77,67.59,Cotton
103.5,54.4,23.5,22.73,79.3,6.33,95.33,Cotton
36.1,68.6,18.8,23.24,19.51,5.84,103.56,Kidneybeans
91.7,90.5,45.4,26.84,80.42,5.65,112.39,Banana
119.6,6.0,51.5,25.33,89.49,6.25,50.64,Watermelon
17.6,67.1,19.1,21.08,21.95,5.53,95.57,Kidneybeans
31.5,73.8,16.2,23.45,19.09,5.75,80.04,Kidneybeans
48.4,67.4,78.8,17.49,18.72,8.03,71.53,Chickpea
116.9,22.2,46.3,25.07,85.92,6.84,40.87,Watermelon
38.0,73.6,80.1,18.9,14.43,6.64,70.86,Chickpea
107.4,28.7,47.7,26.43,80.55,6.54,41.41,Watermelon
20.5,79.1,82.3,17.91,18.98,6.72,86.18,Chickpea
116.4,31.4,32.6,23.24,66.87,6.53,140.82,Coffee
110.4,71.6,49.0,29.82,80.39,5.79,93.61,Banana
39.0,73.4,24.3,17.39,21.67,5.77,88.58,Kidneybeans
114.1,32.3,29.1,26.81,52.88,6.01,111.8,Coffee
132.6,49.9,18.9,23.89,83.55,6.68,103.48,Cotton
111.3,16.1,49.9,26.33,83.82,6.44,47.52,Watermelon
91.7,54.7,35.9,23.46,80.58,6.55,232.98,Rice
117.4,51.5,19.4,23.11,80.58,6.69,106.64,Cotton
64.8,57.3,40.9,24.75,87.89,6.5,190.43,Rice
86.0,28.0,26.7,27.36,62.26,6.19,196.61,Coffee
100.9,59.6,15.9,25.26,77.8,6.26,81.99,Cotton
38.8,67.2,79.0,19.98,19.28,7.71,77.08,Chickpea
82.7,30.0,45.2,26.51,83.65,6.84,51.09,Watermelon
64.7,45.2,23.4,21.45,66.44,6.51,69.22,Maize
28.0,70.0,78.0,19.14,18.55,6.2,75.42,Chickpea
97.0,76.6,45.4,25.62,84.86,5.82,93.46,Banana
35.3,70.7,84.3,17.06,16.86,7.89,81.68,Chickpea
47.6,72.4,82.3,19.59,15.64,8.24,65.86,Chickpea
107.6,36.0,18.9,25.21,78.41,6.89,93.78,Cotton
34.3,64.7,21.8,20.09,23.57,5.65,65.95,Kidneybeans
31.4,77.8,20.8,20.69,18.94,5.69,124.48,Kidneybeans
104.3,86.1,45.4,28.11,82.78,6.0,100.73,Banana
79.2,37.6,17.4,26.88,57.85,6.4,90.91,Maize
108.7,71.4,45.2,27.25,78.33,5.94,97.88,Banana
21.7,64.3,84.4,18.93,18.03,7.73,65.97,Chickpea
64.4,56.2,36.3,22.78,87.97,6.15,207.51,Rice
44.7,75.1,80.5,18.56,14.86,8.15,68.14,Chickpea
92.2,54.8,18.0,18.73,63.06,6.01,94.75,Maize
114.3,50.9,16.9,25.0,80.46,6.41,74.6,Cotton
114.3,59.7,21.8,25.8,76.43,6.76,87.74,Cotton
15.0,74.2,18.6,17.29,18.08,5.72,136.6,Kidneybeans
39.9,76.5,23.4,17.24,21.46,5.53,68.54,Kidneybeans
100.2,47.1,16.2,23.23,84.26,6.32,108.29,Cotton
98.7,55.0,17.9,26.82,67.04,6.5,97.4,Maize
27.7,63.8,15.8,21.27,20.3,5.83,119.36,Kidneybeans
111.3,45.0,23.1,22.06,81.49,7.34,99.93,Cotton
32.9,71.8,77.8,17.92,18.73,7.19,83.95,Chickpea
101.9,59.0,21.8,24.53,77.71,6.5,107.1,Cotton
28.8,68.1,23.3,22.33,21.67,5.65,82.98,Kidneybeans
36.5,75.0,19.4,20.49,18.96,5.77,76.13,Kidneybeans
88.1,49.0,15.1,20.94,65.35,5.91,77.53,Maize
89.5,37.1,41.0,21.72,83.89,6.29,222.68,Rice
98.7,85.7,46.2,28.27,77.83,5.5,93.81,Banana
133.9,44.1,22.9,25.76,81.23,7.48,100.25,Cotton
39.5,73.5,23.5,17.92,22.06,5.74,114.28,Kidneybeans
88.2,40.3,36.4,20.1,83.51,6.59,227.07,Rice
103.1,21.8,33.1,24.19,54.49,6.61,133.48,Coffee
90.3,19.9,29.6,26.8,54.12,6.85,111.9,Coffee
86.2,23.8,30.1,24.29,56.33,6.1,137.29,Coffee
95.9,50.2,35.1,20.71,86.64,6.01,199.3,Rice
26.6,62.4,24.8,16.93,18.4,5.74,126.5,Kidneybeans
90.1,39.0,23.8,25.85,55.58,6.79,66.44,Maize
78.0,39.9,18.7,21.73,71.55,6.68,98.47,Maize
44.8,63.4,76.7,19.14,18.96,6.19,67.2,Chickpea
45.2,75.1,83.2,19.8,17.27,6.48,78.5,Chickpea
42.7,66.5,77.9,19.7,14.7,8.67,69.42,Chickpea
23.6,65.5,82.5,17.21,14.48,6.93,88.25,Chickpea
86.3,58.9,15.7,18.51,60.64,6.11,72.35,Maize
115.8,11.7,49.1,26.7,88.96,6.69,57.18,Watermelon
94.6,55.4,37.6,21.2,86.69,6.93,246.81,Rice
32.2,65.1,15.1,21.51,21.21,5.83,133.92,Kidneybeans
90.6,27.6,48.2,25.66,80.51,6.04,54.41,Watermelon
98.4,20.7,50.6,26.23,82.8,6.56,41.76,Watermelon
108.4,34.7,25.5,23.48,64.41,6.34,126.59,Coffee
117.5,12.7,53.7,26.29,82.48,6.04,42.04,Watermelon
103.2,49.1,24.1,23.59,77.96,6.29,67.57,Cotton
115.6,24.0,29.6,23.38,63.42,6.99,132.02,Coffee
81.1,30.7,25.1,26.81,67.87,6.52,158.2,Coffee
136.4,55.5,23.9,22.8,77.84,6.58,78.85,Cotton
79.7,35.3,39.7,20.39,81.19,6.12,257.91,Rice
95.4,33.9,31.1,27.17,64.21,6.14,176.23,Coffee
139.3,51.1,22.2,25.91,78.77,7.6,81.73,Cotton
24.9,79.5,20.4,17.48,22.26,5.61,141.38,Kidneybeans
101.8,70.0,46.2,27.67,81.75,5.92,111.92,Banana
112.4,77.8,48.1,29.19,75.72,6.38,97.7,Banana
39.6,58.8,79.4,18.85,14.5,8.46,84.11,Chickpea
70.2,56.0,15.4,26.12,64.23,6.56,92.97,Maize
117.2,18.6,51.6,26.71,80.99,6.23,54.18,Watermelon
96.4,20.7,52.0,26.13,80.52,6.86,49.17,Watermelon
39.6,78.5,83.7,19.3,18.73,7.83,67.81,Chickpea
36.2,78.9,23.8,21.65,19.66,5.61,146.7,Kidneybeans
82.0,36.1,21.3,26.56,67.03,6.78,104.21,Maize
39.4,79.4,83.5,17.07,19.39,8.17,83.41,Chickpea
90.2,38.2,23.3,25.04,69.17,5.84,75.16,Maize
103.2,27.4,32.8,26.52,66.69,6.07,177.28,Coffee
35.4,75.6,22.6,16.69,18.53,5.78,93.15,Kidneybeans
122.0,38.8,22.3,24.4,82.31,7.54,108.77,Cotton
46.7,57.0,82.3,17.56,19.15,8.28,76.22,Chickpea
105.1,87.7,47.5,26.62,78.34,5.53,100.23,Banana
110.7,82.8,51.5,29.45,79.4,6.4,112.52,Banana
98.3,22.9,33.7,24.22,69.33,7.15,132.29,Coffee
114.3,14.9,47.0,25.27,83.86,6.92,55.24,Watermelon
98.2,70.8,49.2,29.48,84.83,6.14,94.85,Banana
60.4,45.4,19.8,18.17,60.2,6.71,66.86,Maize
118.5,25.2,29.5,24.39,69.18,6.17,162.18,Coffee
38.9,71.3,20.1,15.77,21.29,5.65,114.64,Kidneybeans
63.1,59.4,44.9,24.89,85.36,6.31,277.66,Rice
85.8,49.3,38.6,26.91,86.06,6.24,192.21,Rice
29.4,67.2,23.2,22.39,20.86,5.64,92.63,Kidneybeans
80.1,49.4,39.9,21.37,87.22,6.28,182.92,Rice
85.2,29.4,26.0,26.12,57.12,6.95,131.03,Coffee
23.3,71.3,23.5,16.81,23.61,5.78,134.09,Kidneybeans
42.3,73.4,80.2,17.21,16.23,8.57,77.53,Chickpea
46.3,73.5,75.1,17.75,15.29,6.69,67.43,Chickpea
60.8,37.1,24.7,20.66,70.38,6.55,79.1,Maize
85.6,56.7,19.5,22.64,64.78,6.6,66.98,Maize
18.7,65.4,18.6,18.68,22.08,5.52,63.12,Kidneybeans
117.4,33.8,26.7,27.37,64.75,6.3,116.06,Coffee
26.6,60.3,15.8,17.33,18.17,5.75,98.38,Kidneybeans
48.7,68.1,78.0,17.23,17.0,8.2,81.21,Chickpea
86.7,29.2,26.8,24.18,59.89,7.1,129.05,Coffee
65.2,58.9,41.1,21.6,86.72,6.62,222.98,Rice
65.1,38.8,36.4,24.49,81.82,6.35,287.61,Rice
29.9,68.7,16.6,16.05,21.28,5.86,90.96,Kidneybeans
94.5,58.7,36.5,26.49,84.92,6.26,235.1,Rice
24.8,71.1,20.0,16.74,23.15,5.77,135.41,Kidneybeans
91.2,92.0,48.1,25.64,79.68,6.1,90.93,Banana
117.3,49.9,15.8,25.76,82.55,7.17,101.42,Cotton
115.2,85.4,51.4,25.14,83.29,6.29,97.77,Banana
108.4,84.6,50.5,28.2,77.59,5.58,93.58,Banana
136.4,54.0,21.8,23.2,76.84,7.51,83.71,Cotton
28.1,62.2,81.6,19.91,17.62,6.12,62.27,Chickpea
28.9,64.6,20.0,21.58,23.75,5.59,139.76,Kidneybeans
103.9,85.8,49.5,25.94,80.08,6.03,114.32,Banana
99.3,86.6,51.7,26.43,79.6,5.69,96.31,Banana
28.1,79.2,80.6,18.04,17.48,6.3,73.32,Chickpea
94.2,47.3,17.5,25.84,63.91,6.42,77.96,Maize
36.8,72.6,20.3,16.04,21.63,5.55,90.35,Kidneybeans
37.9,68.1,16.4,21.43,19.76,5.71,122.8,Kidneybeans
92.3,42.6,36.0,24.79,84.4,6.12,239.42,Rice
40.6,56.7,76.7,19.57,15.36,8.33,68.38,Chickpea
120.0,51.1,20.1,22.48,78.12,7.6,103.07,Cotton
32.9,55.7,79.8,18.99,14.71,6.74,71.94,Chickpea
112.9,81.2,52.9,28.09,76.13,5.66,103.11,Banana
97.2,11.9,53.9,24.12,89.14,6.83,45.95,Watermelon
97.5,71.6,51.9,27.86,79.05,5.86,96.5,Banana
68.1,39.1,36.6,25.7,86.65,6.52,223.06,Rice
22.8,73.8,17.7,16.72,19.11,5.64,98.7,Kidneybeans
112.6,36.4,22.7,24.81,78.31,7.35,79.8,Cotton
63.4,52.5,35.7,25.75,87.06,6.08,190.18,Rice
74.5,43.4,15.3,18.22,71.63,6.13,85.9,Maize
99.8,72.4,54.8,26.43,79.24,6.15,90.74,Banana
68.3,58.3,16.2,25.36,62.61,6.85,103.4,Maize
69.5,54.5,17.7,25.4,63.47,6.6,64.78,Maize
97.0,39.5,40.7,26.41,80.34,6.7,215.68,Rice
118.3,78.4,50.6,25.48,77.0,5.91,96.19,Banana
20.1,61.2,82.4,17.95,14.61,6.94,68.11,Chickpea
73.9,43.7,42.4,23.17,82.25,6.45,196.9,Rice
96.9,31.8,33.8,24.22,61.01,6.23,119.17,Coffee
81.4,40.4,15.1,20.17,74.52,6.76,107.98,Maize
107.6,94.4,50.3,29.53,75.83,5.69,103.22,Banana
74.3,42.0,40.4,20.99,88.02,6.07,298.43,Rice
36.1,61.7,78.7,19.69,18.0,8.18,73.63,Chickpea
95.1,33.5,30.4,24.35,64.05,6.79,199.02,Coffee
33.7,65.0,78.0,17.2,15.37,6.62,74.52,Chickpea
98.0,25.9,50.7,27.0,82.87,6.28,43.19,Watermelon
27.9,63.2,15.8,15.17,18.99,5.86,81.74,Kidneybeans
114.0,80.3,47.3,27.03,83.26,5.73,105.73,Banana
70.0,47.2,37.2,26.91,89.44,6.04,264.67,Rice
26.6,76.9,15.6,18.02,18.4,5.89,133.53,Kidneybeans
109.9,74.0,51.9,25.64,79.25,5.75,112.45,Banana
33.3,73.2,24.3,22.39,21.4,5.76,140.85,Kidneybeans
67.4,56.7,22.8,24.94,71.9,6.71,91.31,Maize
96.0,82.4,52.4,28.85,80.0,5.81,119.21,Banana
99.9,71.1,50.0,27.72,76.68,6.26,119.55,Banana
20.8,72.5,22.5,16.97,18.36,5.55,114.54,Kidneybeans
91.6,74.0,53.1,25.66,77.33,5.95,105.51,Banana
67.4,59.2,42.8,26.58,88.95,6.6,290.62,Rice
24.8,73.9,16.9,20.77,19.56,5.85,140.61,Kidneybeans
98.6,19.9,34.1,24.68,69.05,6.64,166.84,Coffee
32.2,75.7,82.6,18.72,19.74,6.48,63.28,Chickpea
28.8,78.3,79.0,17.26,17.7,6.23,70.36,Chickpea
129.8,58.0,19.2,23.37,84.62,6.89,84.45,Cotton
112.6,22.6,25.9,24.71,69.63,6.76,147.45,Coffee
86.5,39.6,16.7,18.89,68.21,6.72,73.25,Maize
103.1,33.2,30.5,23.87,57.57,7.01,167.98,Coffee
99.0,31.3,29.3,26.98,61.91,7.06,146.98,Coffee
105.3,81.9,47.7,25.15,81.05,5.9,98.96,Banana
98.7,6.3,45.4,26.15,85.38,6.51,44.86,Watermelon
22.0,63.5,18.8,22.21,20.35,5.8,71.29,Kidneybeans
86.3,28.7,30.9,26.77,56.19,6.54,146.49,Coffee
119.3,53.9,17.8,23.27,84.25,6.11,84.28,Cotton
108.6,28.4,54.1,26.84,82.45,6.13,46.05,Watermelon
96.0,75.3,51.9,26.1,79.39,6.28,113.52,Banana
42.1,77.1,77.0,18.76,18.21,7.87,72.24,Chickpea
17.0,68.9,17.6,18.09,23.01,5.87,76.72,Kidneybeans
112.9,26.4,49.2,24.27,84.38,6.23,45.82,Watermelon
71.0,37.0,15.9,26.05,58.84,6.19,71.33,Maize
102.8,6.3,46.4,25.87,82.08,6.5,50.9,Watermelon
73.0,44.2,19.0,24.26,62.77,6.34,71.88,Maize
82.4,56.9,39.0,20.94,80.29,6.76,254.44,Rice
73.6,53.1,35.7,22.21,85.39,6.79,218.25,Rice
23.1,73.3,20.6,18.08,18.81,5.54,134.84,Kidneybeans
133.8,44.9,15.5,23.61,81.74,6.9,97.45,Cotton
37.5,75.8,21.8,21.12,23.68,5.62,60.1,Kidneybeans
93.4,59.6,40.3,21.2,82.72,6.02,289.72,Rice
114.3,31.9,28.6,26.44,56.26,6.07,173.14,Coffee
26.6,56.0,75.4,17.53,19.2,6.72,88.51,Chickpea
92.6,23.2,53.7,26.82,88.05,6.85,51.01,Watermelon
29.1,76.1,16.4,20.23,21.03,5.56,116.16,Kidneybeans
101.6,16.5,25.2,23.51,58.21,7.12,167.37,Coffee
39.2,68.8,17.8,22.18,19.96,5.62,80.93,Kidneybeans
110.4,36.3,22.3,22.49,78.03,7.06,88.22,Cotton
46.7,70.1,83.3,19.95,15.73,8.69,71.68,Chickpea
23.8,55.4,82.7,19.42,14.72,6.67,60.53,Chickpea
75.0,58.8,42.3,24.19,81.56,6.16,186.97,Rice
40.8,58.4,78.0,18.08,18.83,6.71,66.32,Chickpea
113.1,84.9,48.4,26.31,76.22,6.01,107.56,Banana
33.8,76.1,20.2,16.26,22.03,5.75,126.8,Kidneybeans
113.8,24.2,27.2,23.67,69.07,6.09,127.92,Coffee
85.2,21.0,32.8,25.36,54.55,6.2,139.95,Coffee
79.5,54.3,21.8,22.01,60.47,7.0,81.31,Maize
30.8,65.0,22.1,18.85,20.66,5.76,144.27,Kidneybeans
66.2,52.9,41.6,20.19,82.22,6.23,260.63,Rice
82.1,24.6,53.5,26.4,85.08,6.23,56.91,Watermelon
15.3,74.3,22.1,20.6,23.94,5.62,90.6,Kidneybeans
88.5,57.4,40.1,23.72,81.07,6.45,243.91,Rice
118.0,91.7,47.3,28.89,81.09,6.47,101.21,Banana
79.2,50.0,17.9,24.25,72.2,6.74,61.98,Maize
111.2,24.3,47.3,26.77,85.93,6.38,50.04,Watermelon
83.3,28.2,50.8,26.0,89.12,6.35,52.43,Watermelon
79.5,37.7,20.5,22.09,71.89,5.92,84.41,Maize
85.1,49.6,44.0,20.32,82.81,6.95,286.83,Rice
97.9,54.1,36.4,26.08,84.87,6.89,275.98,Rice
47.5,68.3,76.6,19.09,18.76,6.82,85.72,Chickpea
118.2,76.5,53.5,29.32,82.73,5.67,114.65,Banana
34.2,56.1,76.4,17.83,19.83,6.86,74.46,Chickpea
86.5,17.2,52.4,26.6,86.26,6.67,42.53,Watermelon
37.1,73.2,17.1,22.77,23.32,5.58,126.37,Kidneybeans
106.7,55.9,20.5,22.76,82.2,7.02,90.22,Cotton
117.9,24.2,47.7,25.77,87.21,6.94,57.63,Watermelon
32.6,69.1,21.7,22.54,19.02,5.51,130.12,Kidneybeans
23.7,69.0,78.4,19.19,17.91,8.35,80.77,Chickpea
84.5,19.3,53.6,25.43,89.95,6.68,41.48,Watermelon
94.0,56.7,22.1,25.53,68.95,6.62,90.93,Maize
89.0,57.4,43.9,25.46,86.42,6.08,199.4,Rice
24.4,76.0,18.7,15.78,21.34,5.84,131.63,Kidneybeans
83.1,46.0,22.3,22.38,72.47,6.88,81.09,Maize
117.9,70.1,52.5,29.52,76.4,5.6,102.74,Banana
97.3,37.6,24.4,24.19,56.36,6.16,95.41,Maize
110.1,94.3,46.8,27.99,79.24,5.95,97.62,Banana
78.1,39.1,22.9,24.24,59.42,5.9,94.02,Maize
15.0,77.4,22.9,20.65,22.5,5.56,101.25,Kidneybeans
109.5,16.3,54.9,24.16,83.55,6.48,50.06,Watermelon
108.2,53.5,20.5,25.54,80.54,7.07,69.77,Cotton
29.9,78.6,24.3,18.08,21.17,5.58,149.61,Kidneybeans
76.7,58.3,43.7,20.32,80.26,6.38,277.27,Rice
82.9,27.7,54.6,24.23,85.32,6.3,47.86,Watermelon
29.4,71.3,20.0,15.62,18.54,5.74,90.69,Kidneybeans
99.7,58.2,20.4,25.58,65.42,6.55,64.46,Maize
75.2,56.6,20.2,22.31,55.51,6.21,79.01,Maize
99.4,18.5,53.2,24.52,88.08,6.69,51.12,Watermelon
77.0,35.6,37.7,23.79,86.33,6.26,196.72,Rice
109.8,93.8,52.3,25.26,83.84,6.36,103.3,Banana
136.5,50.3,20.5,23.0,78.43,7.7,87.96,Cotton
115.3,28.5,52.4,24.26,86.69,6.41,49.41,Watermelon
68.0,39.2,16.0,23.73,69.13,5.84,106.81,Maize
81.7,42.2,40.9,20.21,80.37,6.82,223.22,Rice
84.8,48.3,43.9,25.52,81.52,6.31,209.82,Rice
107.4,19.2,27.4,24.41,58.22,6.28,111.77,Coffee
24.4,71.0,15.5,18.84,22.99,5.82,80.19,Kidneybeans
137.3,35.5,16.5,25.54,79.59,7.13,93.15,Cotton
81.6,9.7,53.3,26.3,83.51,6.38,50.67,Watermelon
95.4,87.8,48.8,27.01,82.83,6.46,93.8,Banana
25.8,60.6,17.6,15.3,23.28,5.6,110.16,Kidneybeans
36.1,69.7,18.3,22.12,20.71,5.57,136.95,Kidneybeans
61.6,49.8,41.8,20.12,85.12,6.23,257.42,Rice
134.3,54.1,16.5,24.76,84.45,7.37,76.58,Cotton
120.4,56.5,23.7,22.04,82.78,6.92,109.44,Cotton
118.9,25.3,27.9,25.35,67.16,6.37,127.34,Coffee
99.0,16.2,45.1,26.46,83.6,6.54,53.55,Watermelon
21.5,56.8,79.0,17.89,15.39,6.71,84.1,Chickpea
113.2,23.3,27.6,27.34,63.39,6.54,153.91,Coffee
104.4,79.3,49.9,27.9,76.89,6.4,110.23,Banana
45.1,55.4,78.8,18.01,14.12,6.26,72.41,Chickpea
35.4,73.7,16.1,17.6,19.86,5.6,106.35,Kidneybeans
95.5,51.1,17.9,25.34,72.23,6.82,105.95,Maize
91.3,20.6,29.0,27.99,51.1,6.69,117.43,Coffee
111.3,5.5,48.3,25.88,82.75,6.91,52.68,Watermelon
37.7,70.3,81.4,17.73,18.28,6.17,65.98,Chickpea
48.7,68.2,77.4,18.5,18.08,6.12,68.24,Chickpea
114.5,58.5,17.8,23.33,82.01,7.53,106.47,Cotton
68.5,35.8,21.5,21.32,72.29,6.37,108.41,Maize
92.7,56.5,35.1,23.58,84.17,6.22,194.38,Rice
116.3,19.7,45.9,25.35,87.56,6.79,49.89,Watermelon
119.4,20.8,27.9,24.77,61.29,6.3,192.38,Coffee
24.7,64.8,15.9,17.83,18.58,5.57,148.86,Kidneybeans
95.5,43.8,36.2,21.0,87.62,6.62,192.13,Rice
89.8,40.1,24.6,21.31,61.54,5.98,75.28,Maize
106.3,86.3,48.9,28.24,75.45,5.55,103.72,Banana
77.6,38.7,18.3,21.91,56.77,6.06,89.91,Maize
116.7,31.0,29.5,26.59,61.72,6.59,127.31,Coffee
49.4,70.1,78.6,18.94,14.74,8.48,75.09,Chickpea
116.8,28.0,25.9,27.74,55.17,6.4,146.2,Coffee
89.5,27.2,45.1,24.6,89.59,6.61,45.23,Watermelon
100.1,24.1,32.5,23.66,60.94,6.66,118.05,Coffee
130.5,49.8,16.9,24.67,81.23,7.2,84.49,Cotton
95.0,27.5,26.5,27.12,54.7,6.78,146.47,Coffee
20.5,67.6,23.1,22.41,20.31,5.68,87.3,Kidneybeans
82.5,18.7,25.3,26.72,64.47,6.16,185.25,Coffee
92.8,32.4,33.8,24.75,51.67,6.87,138.04,Coffee
38.8,66.5,18.5,19.55,23.65,5.85,69.23,Kidneybeans
40.2,61.5,78.5,19.75,15.74,7.26,86.7,Chickpea
100.0,57.9,23.4,24.97,76.68,6.24,63.38,Cotton
113.1,29.2,53.9,25.8,85.3,6.03,44.93,Watermelon
119.7,15.2,47.9,25.67,83.04,6.09,40.03,Watermelon
48.9,57.2,81.9,18.48,16.33,7.73,81.12,Chickpea
22.1,78.5,80.1,18.23,18.87,8.32,69.97,Chickpea
99.5,38.8,40.9,22.67,89.7,6.84,280.6,Rice
104.8,73.0,45.1,26.52,81.98,6.29,98.87,Banana
105.6,19.7,32.1,27.37,52.54,7.04,163.42,Coffee
22.2,76.1,25.0,15.27,23.38,5.75,147.6,Kidneybeans
82.0,9.8,52.9,25.36,83.02,6.38,57.09,Watermelon
105.0,56.9,24.7,22.71,82.22,6.08,80.27,Cotton
87.9,58.1,42.1,21.07,85.76,6.61,230.9,Rice
29.1,63.1,82.1,19.45,15.09,6.98,87.06,Chickpea
121.7,37.2,15.6,22.42,80.86,7.09,71.69,Cotton
118.6,39.7,22.0,24.23,78.59,7.82,61.05,Cotton
79.4,50.5,38.7,23.24,87.47,6.04,210.29,Rice
98.1,91.4,48.5,29.87,84.8,5.77,91.23,Banana
23.9,61.0,15.3,18.81,18.51,5.74,139.29,Kidneybeans
111.5,25.2,28.0,23.76,55.69,6.45,178.07,Coffee
104.9,5.3,46.9,25.47,89.51,6.38,48.49,Watermelon
97.2,16.8,46.6,24.09,89.47,6.24,44.8,Watermelon
63.0,44.0,36.2,26.04,86.23,6.33,187.63,Rice
44.2,66.5,80.5,18.3,14.26,6.38,73.37,Chickpea
117.6,21.9,34.9,25.43,53.58,7.07,151.43,Coffee
38.4,78.3,21.4,20.67,20.42,5.8,107.82,Kidneybeans
65.1,48.1,42.7,21.51,86.23,6.09,186.2,Rice
71.5,50.4,24.8,23.69,60.2,6.56,87.0,Maize
41.9,79.2,77.2,18.99,18.45,8.36,72.68,Chickpea
17.0,79.9,16.6,23.9,23.86,5.82,119.35,Kidneybeans
89.0,55.4,17.1,22.55,71.81,6.68,87.11,Maize
103.2,29.8,31.8,24.03,57.05,6.15,121.69,Coffee
41.1,75.4,80.5,19.9,14.31,7.36,81.55,Chickpea
131.9,53.5,21.5,22.62,80.47,6.17,78.87,Cotton
16.3,61.1,21.9,19.12,19.36,5.75,82.76,Kidneybeans
104.9,80.5,49.1,26.16,76.36,5.7,91.66,Banana
117.4,58.0,18.5,22.22,77.04,6.84,70.98,Cotton
115.7,48.6,16.6,24.76,76.68,6.62,85.17,Cotton
107.7,72.2,49.3,25.87,84.87,6.06,110.62,Banana
113.9,84.8,46.0,27.74,82.03,6.29,108.87,Banana
115.8,29.3,53.6,24.33,89.47,6.42,40.19,Watermelon
106.5,15.9,53.2,26.72,81.2,6.53,45.69,Watermelon
60.5,58.9,22.4,21.18,60.93,6.22,98.73,Maize
40.1,72.0,78.6,18.78,14.06,7.74,87.4,Chickpea
70.0,45.3,42.6,21.6,80.77,6.29,199.35,Rice
94.7,18.1,53.1,25.09,85.24,6.67,45.39,Watermelon
27.1,67.8,76.0,18.15,16.93,7.79,88.52,Chickpea
138.8,44.4,15.6,23.36,80.06,6.32,92.91,Cotton
109.0,72.5,51.0,25.6,75.79,6.03,102.08,Banana
101.8,17.7,31.9,26.98,53.27,6.13,123.1,Coffee
69.1,40.3,21.1,21.7,71.8,6.88,77.67,Maize
65.0,52.1,19.3,19.8,64.83,5.88,89.1,Maize
69.7,37.9,41.1,22.02,85.81,6.15,237.74,Rice
25.7,71.9,25.0,21.93,20.39,5.83,75.36,Kidneybeans
99.4,41.1,41.7,25.33,82.38,6.73,224.13,Rice
42.9,64.7,80.1,18.48,17.46,8.41,89.42,Chickpea
120.6,37.5,15.2,25.85,78.77,7.21,63.99,Cotton
94.4,71.8,53.1,28.76,82.53,6.22,110.08,Banana
114.1,92.4,50.2,27.28,75.31,6.38,90.39,Banana
113.5,38.2,18.9,22.65,82.34,6.42,62.93,Cotton
111.1,8.3,51.0,24.1,84.98,6.15,43.66,Watermelon
44.7,76.4,84.2,18.29,15.91,7.59,71.14,Chickpea
32.1,56.7,82.8,17.86,16.6,7.89,69.97,Chickpea
83.6,29.0,53.1,25.38,82.24,6.93,46.89,Watermelon
97.1,36.5,24.3,21.16,57.03,6.38,72.84,Maize
80.3,36.0,16.5,26.88,74.3,5.81,107.59,Maize
109.8,9.2,46.9,25.38,82.86,6.25,52.9,Watermelon
116.3,9.8,51.2,25.22,80.41,6.35,45.3,Watermelon
81.5,49.7,42.5,23.02,81.28,6.28,223.57,Rice
106.6,13.5,54.4,26.74,82.09,6.04,54.83,Watermelon
63.0,48.8,44.7,23.66,86.29,6.7,234.54,Rice
113.5,19.3,26.2,27.26,53.13,7.17,185.83,Coffee
77.5,53.2,22.7,19.43,67.2,5.96,97.57,Maize
107.9,40.9,18.0,24.57,81.01,7.39,78.13,Cotton
79.0,51.7,36.7,21.35,80.41,6.17,213.43,Rice
22.0,68.0,76.8,19.91,14.68,7.07,82.14,Chickpea
112.9,27.9,31.5,23.64,63.0,7.18,192.06,Coffee
69.3,36.1,15.2,26.89,63.56,6.26,93.98,Maize
78.7,45.4,37.7,20.39,88.65,6.81,299.97,Rice
86.4,29.5,46.6,25.46,83.64,6.64,42.58,Watermelon
22.4,64.2,22.7,17.28,23.19,5.54,71.34,Kidneybeans
21.9,66.5,82.3,18.82,18.04,6.14,88.54,Chickpea
129.5,49.9,23.8,22.2,77.57,6.93,71.35,Cotton
81.1,53.3,15.8,18.54,59.94,5.99,103.59,Maize
67.5,43.9,22.8,22.99,55.1,6.71,61.77,Maize
70.5,44.0,15.9,26.43,66.08,6.17,79.85,Maize
16.0,68.2,16.3,15.2,20.16,5.81,110.96,Kidneybeans
109.9,80.2,47.8,28.66,77.42,5.67,105.9,Banana
39.5,79.3,19.0,21.56,20.07,5.77,132.49,Kidneybeans
73.4,55.1,35.0,22.33,83.98,6.54,290.38,Rice
121.9,45.1,20.2,25.99,76.35,7.35,79.8,Cotton
102.0,73.8,50.0,29.01,79.42,5.99,115.46,Banana
95.4,34.3,32.0,23.42,67.26,6.58,116.19,Coffee
25.2,66.6,19.5,21.86,18.76,5.58,145.63,Kidneybeans
121.9,46.9,24.2,22.29,77.81,6.7,99.12,Cotton
93.4,26.6,33.9,25.85,62.63,6.62,114.6,Coffee
105.8,8.8,54.3,25.15,87.3,6.02,44.1,Watermelon
99.4,33.0,34.1,23.44,68.73,6.99,181.22,Coffee
60.8,37.6,43.0,21.25,86.53,6.24,191.93,Rice
65.0,58.0,43.7,23.63,85.91,6.4,186.57,Rice
31.4,74.2,15.1,16.96,21.97,5.69,60.48,Kidneybeans
115.5,55.7,16.3,25.74,82.51,7.88,93.83,Cotton
102.7,24.1,46.4,24.69,88.82,6.02,55.05,Watermelon
90.2,37.6,44.0,23.54,88.26,6.32,287.46,Rice
124.5,57.4,23.1,24.33,82.3,6.73,92.05,Cotton
89.3,24.8,28.1,23.91,60.08,6.39,133.23,Coffee
113.0,12.6,49.0,24.95,84.67,6.29,59.23,Watermelon
120.2,42.8,19.3,24.58,82.45,6.46,80.27,Cotton
91.1,28.3,52.2,25.73,86.48,6.03,52.36,Watermelon
99.4,6.6,50.5,26.52,89.97,6.43,46.41,Watermelon
95.1,44.8,43.2,23.07,83.77,6.46,216.17,Rice
139.1,39.5,23.0,23.34,82.31,6.84,88.92,Cotton
33.5,69.6,81.2,17.22,18.1,6.6,81.42,Chickpea
83.6,47.7,18.0,23.09,68.78,6.85,91.81,Maize
138.6,44.8,16.3,24.69,82.29,7.15,70.34,Cotton
86.4,42.0,44.5,25.17,85.54,6.61,230.35,Rice
45.0,66.0,78.0,17.78,15.17,6.07,70.27,Chickpea
90.9,29.7,25.5,23.25,57.73,6.42,138.41,Coffee
65.3,52.9,24.1,19.62,59.75,6.97,69.05,Maize
74.0,58.2,43.3,26.76,81.24,6.73,292.6,Rice
83.7,36.2,41.1,21.19,80.65,6.95,295.88,Rice
125.8,44.5,15.5,24.4,84.02,6.77,70.82,Cotton
92.8,7.3,49.3,24.39,89.48,6.48,46.35,Watermelon
97.7,44.7,44.6,26.34,81.96,6.07,192.09,Rice
77.3,46.0,21.1,26.49,59.81,5.95,69.87,Maize
94.9,87.2,50.1,26.0,78.2,6.09,92.17,Banana
42.5,77.9,79.3,17.78,16.61,8.0,60.27,Chickpea
92.5,7.5,50.3,24.17,81.11,6.22,49.29,Watermelon
80.4,23.2,28.3,26.47,65.32,6.36,183.05,Coffee
87.0,28.0,27.5,26.59,65.54,6.81,165.3,Coffee
116.5,36.0,17.7,25.82,84.54,6.7,62.16,Cotton
46.5,65.7,76.6,17.04,17.36,7.43,81.58,Chickpea
38.0,72.6,81.9,18.12,15.0,7.15,64.28,Chickpea
99.7,26.5,27.4,26.97,59.73,6.4,119.61,Coffee
47.2,71.8,80.6,17.33,16.68,7.24,85.94,Chickpea
85.0,57.1,41.2,21.63,80.24,6.87,182.55,Rice
94.5,58.7,38.7,21.9,86.44,6.41,183.05,Rice
90.7,92.4,47.1,26.14,77.8,5.63,109.18,Banana
22.4,64.6,19.1,17.16,22.03,5.83,120.58,Kidneybeans
133.0,40.1,19.7,25.2,76.8,6.22,104.18,Cotton
134.9,39.2,15.5,24.87,79.75,7.7,79.17,Cotton
80.1,56.4,41.6,21.14,80.71,6.64,183.18,Rice
133.5,41.0,16.9,24.02,82.69,6.12,88.84,Cotton
118.9,22.2,29.8,24.78,63.65,6.79,174.38,Coffee
48.9,77.7,82.2,18.6,19.22,6.28,83.72,Chickpea
119.0,70.4,49.8,26.67,79.49,6.07,103.07,Banana
74.4,37.3,44.2,20.96,89.5,6.45,202.22,Rice
16.7,77.5,18.9,19.88,23.81,5.53,118.35,Kidneybeans
127.0,41.0,22.6,25.04,78.13,6.82,70.48,Cotton
27.8,65.9,80.9,17.22,17.73,8.75,65.7,Chickpea
102.4,88.3,51.9,29.17,77.5,6.11,107.56,Banana
118.2,11.0,48.2,24.55,85.77,6.15,47.12,Watermelon
43.8,55.9,80.8,19.99,19.13,7.41,61.91,Chickpea
73.5,58.6,38.2,23.63,87.03,6.36,296.61,Rice
119.7,43.3,16.1,25.81,75.6,6.6,74.9,Cotton
97.1,45.7,44.7,26.75,88.53,6.29,226.21,Rice
90.7,33.2,31.3,26.61,55.14,6.86,112.53,Coffee
18.2,65.1,18.6,21.07,18.38,5.58,132.81,Kidneybeans
88.5,20.3,31.6,27.83,68.32,6.6,181.56,Coffee
93.3,79.9,48.4,27.85,83.61,5.58,92.18,Banana
30.8,71.4,77.4,17.57,19.51,6.2,75.18,Chickpea
85.8,17.1,29.2,26.98,52.83,6.16,167.91,Coffee
35.8,62.4,22.3,19.78,19.73,5.7,86.99,Kidneybeans
99.1,22.8,33.9,27.47,56.72,6.74,193.42,Coffee
110.0,70.3,53.7,27.23,78.43,5.64,103.18,Banana
110.3,27.1,26.7,26.99,64.4,6.1,151.74,Coffee
87.9,52.6,38.6,22.06,88.09,6.81,284.05,Rice
85.5,44.9,17.7,26.86,63.19,6.87,71.5,Maize
99.8,36.4,22.0,26.85,59.78,5.97,66.07,Maize
114.0,20.7,31.4,24.57,69.16,6.04,162.18,Coffee
105.7,71.9,46.9,29.2,82.25,6.39,93.53,Banana
101.8,74.8,45.6,27.95,84.89,5.67,91.4,Banana
104.4,33.3,26.6,26.76,61.37,6.33,152.7,Coffee
92.2,82.8,54.7,28.47,75.71,5.69,113.14,Banana
16.0,76.7,21.2,20.07,21.75,5.85,112.82,Kidneybeans
68.7,58.7,22.9,18.8,63.35,6.85,107.24,Maize
105.3,39.0,24.5,25.52,84.07,7.98,70.42,Cotton
105.5,58.8,18.3,24.65,82.52,7.62,107.29,Cotton
88.0,31.1,33.5,24.45,69.05,6.06,123.49,Coffee
79.5,35.8,15.6,26.16,57.78,6.44,80.55,Maize
119.3,44.6,23.4,22.58,80.06,6.12,63.56,Cotton
111.5,89.7,52.0,27.95,79.5,6.36,118.71,Banana
112.8,39.1,22.8,22.49,81.35,6.25,63.53,Cotton
85.1,18.6,29.9,23.41,53.92,7.13,197.88,Coffee
20.7,76.3,24.3,15.86,20.7,5.63,138.36,Kidneybeans
110.6,72.4,54.2,27.84,78.64,6.26,97.72,Banana
127.3,58.3,20.8,22.5,80.82,7.53,80.32,Cotton
105.0,16.5,26.1,23.25,55.15,6.16,133.4,Coffee
81.6,55.2,44.0,22.23,81.1,6.23,231.25,Rice
69.7,53.1,43.6,25.81,83.97,6.67,204.6,Rice
46.4,69.3,80.2,18.29,15.9,7.16,83.22,Chickpea
95.8,50.9,21.1,18.6,65.37,5.98,96.87,Maize
103.9,14.2,53.1,25.57,81.17,6.13,50.74,Watermelon
108.7,80.3,53.6,26.26,84.81,6.11,113.81,Banana
82.2,53.0,17.3,26.97,74.5,6.58,69.98,Maize
89.5,58.4,44.3,23.16,81.13,6.98,280.67,Rice
112.8,70.4,50.6,26.9,80.07,6.06,99.4,Banana
86.1,22.3,28.7,23.76,65.97,6.85,127.13,Coffee
130.3,46.4,19.1,25.74,77.51,6.24,89.23,Cotton
70.8,54.9,18.1,22.1,55.23,5.89,79.62,Maize
47.2,61.9,84.8,17.42,15.21,6.43,86.82,Chickpea
30.2,74.0,23.4,22.23,23.77,5.71,103.96,Kidneybeans
31.6,63.5,80.4,17.46,17.32,7.47,82.86,Chickpea
81.9,21.7,53.6,24.49,88.12,6.85,58.29,Watermelon
114.2,15.9,46.9,24.57,87.69,6.27,55.34,Watermelon
134.8,39.5,24.5,22.88,78.26,7.51,79.69,Cotton
97.0,82.0,50.5,28.16,77.57,6.45,95.09,Banana
19.4,73.5,17.2,16.96,23.24,5.6,83.69,Kidneybeans
20.0,67.8,75.5,17.83,18.24,6.08,85.18,Chickpea
87.8,45.2,36.7,21.1,82.5,6.55,265.75,Rice
19.2,63.9,23.9,21.75,23.45,5.8,113.74,Kidneybeans
74.0,36.4,24.7,25.95,73.56,6.99,68.69,Maize
99.3,22.6,45.7,24.58,82.15,6.74,43.78,Watermelon
98.8,53.7,16.3,24.82,55.49,5.83,76.18,Maize
97.2,55.2,41.3,26.1,88.04,6.19,287.11,Rice
27.2,74.8,19.9,19.35,23.03,5.64,137.38,Kidneybeans
94.2,52.6,39.7,20.68,84.92,6.47,200.78,Rice
87.2,36.8,15.3,20.32,64.25,6.84,96.36,Maize
35.1,66.6,17.1,15.76,20.8,5.69,135.68,Kidneybeans
19.6,76.5,17.9,23.34,23.82,5.73,72.87,Kidneybeans
118.7,27.9,46.7,24.36,80.85,6.91,43.87,Watermelon
107.9,19.0,48.9,25.26,85.62,6.01,41.57,Watermelon
85.4,34.5,34.6,23.82,55.99,6.12,134.45,Coffee
88.2,13.0,49.7,26.83,89.32,6.21,47.16,Watermelon
34.9,65.4,21.9,17.38,23.63,5.75,89.21,Kidneybeans
111.2,82.3,47.6,29.42,80.77,5.72,98.07,Banana
92.1,46.5,19.8,19.2,56.61,6.67,84.82,Maize
84.5,28.3,46.8,24.76,84.07,6.38,55.89,Watermelon
97.6,15.8,28.6,27.13,64.03,6.55,114.96,Coffee
115.3,6.9,52.1,26.76,82.71,6.37,51.38,Watermelon
63.8,35.6,21.4,23.46,65.93,6.08,79.55,Maize
97.0,56.9,37.6,24.62,88.17,6.56,243.56,Rice
71.9,58.5,17.6,21.87,72.45,6.81,69.31,Maize
111.2,81.3,46.0,28.54,75.31,6.37,94.16,Banana
48.5,62.4,75.9,18.8,17.74,7.78,68.02,Chickpea
95.8,90.4,53.0,27.43,77.98,6.14,98.64,Banana
32.2,56.7,78.5,17.33,18.85,8.65,62.17,Chickpea
74.2,36.7,20.2,18.61,71.01,6.08,87.0,Maize
63.9,50.4,44.9,20.98,85.18,6.88,268.89,Rice
111.9,54.4,18.9,22.56,75.11,7.09,108.79,Cotton
136.4,52.9,20.8,25.19,83.64,6.91,83.76,Cotton
92.6,74.6,52.6,25.11,83.17,5.51,109.71,Banana
45.3,62.8,82.9,19.68,16.6,8.54,71.32,Chickpea
37.1,69.3,15.8,18.49,22.82,5.86,78.31,Kidneybeans
100.5,25.5,30.6,23.85,53.95,6.38,163.41,Coffee
101.0,85.3,52.0,26.71,76.08,5.57,107.67,Banana
134.4,39.2,23.5,22.05,80.12,7.54,106.74,Cotton
70.6,41.1,44.7,22.75,88.92,6.63,275.38,Rice
94.6,15.8,51.2,24.22,85.04,6.18,51.48,Watermelon
106.5,79.0,46.3,27.95,80.25,5.7,103.56,Banana
71.1,49.8,24.1,19.9,67.46,6.56,96.66,Maize
109.0,92.9,47.1,28.33,75.79,6.1,94.92,Banana
96.6,80.7,51.5,28.64,75.01,6.44,94.94,Banana
92.3,73.4,51.4,26.7,82.08,6.06,97.68,Banana
26.7,65.4,16.0,16.51,18.88,5.89,128.34,Kidneybeans
115.5,13.2,48.1,25.54,89.41,6.05,47.04,Watermelon
100.5,28.0,54.0,24.47,83.67,6.62,43.19,Watermelon
105.6,88.6,50.1,27.11,78.98,5.53,100.07,Banana
96.3,77.8,46.8,29.51,78.97,5.75,103.45,Banana
90.7,21.3,26.3,26.28,50.8,6.72,188.27,Coffee
28.9,75.6,15.2,22.37,18.24,5.86,149.28,Kidneybeans
95.5,58.9,23.6,25.29,68.1,6.46,64.35,Maize
119.3,59.7,22.5,22.99,80.38,7.98,102.88,Cotton
102.7,82.9,46.7,28.31,83.53,5.76,104.75,Banana
87.3,36.9,23.5,22.46,64.61,6.51,101.23,Maize
119.2,34.7,31.9,24.22,65.97,6.13,180.26,Coffee
114.1,57.7,20.7,25.05,83.12,6.68,81.68,Cotton
112.1,11.2,54.0,26.73,89.43,6.52,53.54,Watermelon
112.1,24.3,28.6,23.54,67.52,6.94,125.13,Coffee
100.0,34.6,26.0,24.52,62.76,6.42,193.55,Coffee
96.5,23.8,51.9,26.97,82.78,6.5,46.59,Watermelon
119.3,78.3,51.0,25.45,81.06,5.59,118.78,Banana
76.9,53.4,17.4,18.99,62.09,6.14,74.82,Maize
96.7,16.2,51.0,24.22,82.27,6.93,58.17,Watermelon
100.2,26.6,47.4,24.24,83.56,6.75,51.01,Watermelon
25.5,69.2,22.3,20.17,22.0,5.81,137.6,Kidneybeans
88.9,53.0,41.4,24.86,85.43,6.25,221.48,Rice
83.8,47.4,24.9,19.23,68.9,6.29,81.41,Maize
115.8,25.2,45.0,24.96,84.22,6.23,43.99,Watermelon
94.7,30.4,33.1,25.0,68.94,6.49,179.47,Coffee
67.2,36.7,42.4,24.02,88.42,6.14,275.43,Rice
35.3,64.2,84.3,19.48,18.18,7.97,73.85,Chickpea
36.3,72.7,76.7,19.34,17.5,8.66,61.27,Chickpea
106.5,39.6,17.0,23.55,75.51,6.8,85.59,Cotton
28.7,63.5,18.0,20.97,23.79,5.52,140.13,Kidneybeans
95.9,87.3,48.9,27.08,79.69,5.87,93.02,Banana
100.6,24.4,50.6,25.66,81.15,6.13,50.59,Watermelon
116.6,45.6,22.9,22.78,83.2,7.3,80.95,Cotton
67.1,47.5,39.2,26.4,83.62,6.58,255.87,Rice
60.7,37.4,41.8,20.5,83.19,6.84,182.79,Rice
76.1,47.0,21.3,25.86,74.68,6.72,80.89,Maize
26.9,70.9,77.2,17.97,19.09,8.01,62.86,Chickpea
116.0,88.7,53.6,27.47,76.31,6.2,96.18,Banana
87.3,47.4,21.2,25.82,66.41,5.84,106.55,Maize
100.8,81.9,48.6,28.21,84.01,5.66,101.44,Banana
133.8,39.6,24.6,23.51,78.39,6.12,84.31,Cotton
116.5,83.2,50.2,27.89,82.49,6.46,92.21,Banana
67.0,52.3,17.0,22.82,56.93,6.34,97.81,Maize
63.5,39.9,35.5,22.28,83.89,6.27,279.45,Rice
81.5,49.8,20.8,18.82,72.55,6.12,66.48,Maize
94.0,42.9,36.7,23.9,89.36,6.7,248.41,Rice
16.4,69.8,24.3,15.95,22.59,5.66,118.97,Kidneybeans
127.2,58.3,25.0,24.88,77.87,7.76,62.46,Cotton
91.4,57.3,24.6,25.08,61.31,6.63,81.88,Maize
35.2,79.2,79.2,19.95,18.01,7.74,64.98,Chickpea
82.6,26.0,30.9,26.26,55.11,6.44,185.93,Coffee
82.0,11.7,51.5,25.6,89.44,6.4,53.88,Watermelon
86.2,21.0,27.5,24.86,55.09,6.59,146.67,Coffee
24.9,70.6,16.6,20.15,22.83,5.8,73.85,Kidneybeans
124.2,54.1,20.2,22.91,81.67,6.16,82.09,Cotton
110.8,71.0,53.4,27.24,81.37,5.72,110.31,Banana
98.3,9.3,47.7,25.53,81.47,6.61,51.31,Watermelon
113.2,81.8,51.2,27.28,83.94,6.0,115.25,Banana
92.5,51.4,16.3,21.04,73.56,6.07,78.61,Maize
126.0,58.9,16.5,23.91,81.02,7.16,80.07,Cotton
90.9,35.7,15.7,22.18,73.18,6.45,84.89,Maize
102.6,20.4,45.4,25.21,86.49,6.7,52.76,Watermelon
32.8,55.9,76.3,19.3,14.0,7.11,75.68,Chickpea
95.0,48.2,24.4,25.19,74.96,6.22,98.36,Maize
109.1,10.0,48.7,25.51,87.25,6.11,48.13,Watermelon
20.5,67.0,18.7,15.62,20.22,5.69,125.05,Kidneybeans
115.7,23.9,48.3,26.23,81.52,6.13,46.91,Watermelon
99.3,15.4,54.8,24.6,82.15,6.29,43.46,Watermelon
93.9,27.4,30.4,23.63,55.79,6.29,129.22,Coffee
106.5,46.8,20.5,24.28,77.1,7.48,61.26,Cotton
103.2,71.6,53.3,25.63,84.03,6.36,103.94,Banana
93.5,76.8,47.1,27.28,84.08,5.6,111.61,Banana
25.4,62.3,21.1,23.45,21.97,5.53,91.92,Kidneybeans
114.2,51.7,19.8,23.67,78.58,7.19,88.78,Cotton
83.4,19.0,50.0,24.43,84.42,6.33,50.44,Watermelon
94.9,5.6,47.2,26.34,82.01,6.08,49.49,Watermelon
22.8,73.1,17.3,15.13,22.59,5.75,128.61,Kidneybeans
101.5,28.5,31.8,26.14,55.32,6.05,151.0,Coffee
119.0,57.4,20.3,24.83,77.52,6.89,66.17,Cotton
112.1,86.6,46.1,28.6,80.0,6.39,117.6,Banana
93.2,35.9,41.0,21.61,81.21,6.08,263.55,Rice
97.0,59.3,44.4,23.32,88.62,6.84,218.29,Rice
98.9,88.3,53.7,25.96,75.98,6.4,100.5,Banana
86.4,19.1,54.4,24.01,82.38,6.94,43.42,Watermelon
48.9,64.6,75.4,17.09,16.33,6.36,60.7,Chickpea
37.0,74.3,80.0,17.04,14.05,6.94,87.79,Chickpea
109.1,29.5,46.6,24.68,82.12,6.79,43.74,Watermelon
102.2,18.2,51.6,24.7,88.64,6.31,53.88,Watermelon
100.7,70.2,53.4,25.16,84.4,6.39,106.07,Banana
104.4,41.2,18.2,25.24,83.75,6.6,102.93,Cotton
25.7,70.8,22.0,21.32,19.03,5.7,97.08,Kidneybeans
62.1,48.5,22.1,25.84,69.28,6.76,76.97,Maize
139.9,46.3,18.5,23.6,76.15,7.77,80.74,Cotton
81.7,56.8,42.3,25.65,86.59,6.69,281.9,Rice
102.0,23.3,33.8,24.02,66.53,6.67,114.91,Coffee
87.2,19.5,54.6,25.51,80.83,6.62,46.8,Watermelon
83.7,39.1,18.9,26.72,60.16,6.59,76.26,Maize
88.4,17.3,34.7,23.11,66.05,6.95,136.75,Coffee
89.4,60.0,24.3,23.78,63.42,6.56,99.28,Maize
79.4,39.1,24.5,25.65,68.38,6.35,80.59,Maize
99.6,88.6,54.7,27.19,83.61,6.07,94.72,Banana
43.8,77.7,84.4,19.88,17.13,8.73,82.72,Chickpea
68.2,39.8,35.4,23.3,85.65,6.07,273.06,Rice
81.2,58.4,15.4,19.1,64.04,6.92,75.81,Maize
89.5,19.2,32.4,24.6,60.12,6.2,196.38,Coffee
72.1,37.5,21.9,18.56,65.19,7.0,100.7,Maize
117.2,82.9,46.5,29.61,82.57,6.23,111.28,Banana
34.8,65.1,80.3,18.79,14.06,7.25,88.9,Chickpea
101.5,26.5,31.5,23.08,69.21,6.05,122.88,Coffee
70.9,45.3,16.2,19.63,68.62,6.02,86.26,Maize
114.2,54.5,20.6,23.04,81.95,7.13,99.81,Cotton
94.6,50.0,42.1,20.14,89.7,6.83,205.48,Rice
67.3,57.7,40.8,22.81,84.62,6.95,198.4,Rice
113.7,52.1,15.3,24.76,78.16,6.11,90.49,Cotton
92.8,8.4,48.0,25.72,84.42,6.35,54.93,Watermelon
113.4,76.3,53.3,28.52,84.46,5.91,109.86,Banana
20.5,69.6,77.5,18.35,19.75,7.06,85.19,Chickpea
112.5,56.5,16.3,24.82,82.42,7.36,72.62,Cotton
101.9,88.6,50.8,26.94,76.71,5.73,107.27,Banana
23.4,72.6,80.4,17.29,15.45,5.94,74.06,Chickpea
117.1,50.4,15.8,22.35,76.72,7.04,70.7,Cotton
129.9,47.1,17.2,25.87,82.15,7.91,81.36,Cotton
97.3,25.0,52.4,25.28,83.34,6.32,55.48,Watermelon
101.8,39.6,20.4,24.58,75.46,7.89,102.11,Cotton
112.6,44.8,17.4,22.39,76.79,7.6,93.88,Cotton
98.7,84.4,45.7,25.96,79.07,6.44,101.32,Banana
112.1,77.5,49.6,28.0,76.71,6.24,99.08,Banana
81.0,28.9,32.3,27.18,69.49,7.17,115.87,Coffee
116.3,48.0,24.0,22.79,75.23,7.72,88.86,Cotton
105.9,5.5,51.5,25.86,83.1,6.09,41.82,Watermelon
31.9,68.6,22.3,22.42,18.88,5.83,108.63,Kidneybeans
103.9,52.7,18.5,22.03,79.03,6.47,100.94,Cotton
29.4,77.3,17.9,19.21,21.72,5.66,98.47,Kidneybeans
15.6,69.0,17.4,15.45,22.35,5.54,114.75,Kidneybeans
114.8,82.1,50.4,26.52,76.82,5.59,111.42,Banana
25.0,66.5,15.1,22.44,22.81,5.54,111.92,Kidneybeans
127.7,51.5,15.4,23.47,84.79,6.84,85.1,Cotton
111.4,86.5,51.2,26.41,78.78,5.6,111.57,Banana
16.0,73.3,18.2,23.08,23.33,5.63,141.09,Kidneybeans
66.1,41.1,36.6,21.31,82.85,6.17,287.61,Rice
117.8,8.3,52.7,24.79,89.34,6.72,55.08,Watermelon
37.4,61.7,18.9,15.9,18.1,5.76,114.22,Kidneybeans
108.2,54.9,22.4,22.26,78.87,6.57,75.22,Cotton
85.1,23.6,26.6,26.5,65.18,6.13,155.55,Coffee
106.0,32.3,33.9,27.6,51.9,6.65,176.65,Coffee
87.7,14.7,49.8,25.06,83.21,6.96,52.83,Watermelon
86.9,46.1,23.7,19.59,68.85,6.81,107.23,Maize
38.7,74.5,80.8,17.44,18.87,7.74,71.64,Chickpea
91.0,27.8,28.4,27.99,55.27,6.33,193.76,Coffee
96.8,30.5,28.4,25.82,54.1,6.89,114.71,Coffee
26.3,56.2,83.4,19.94,18.76,8.38,67.26,Chickpea
101.8,28.9,30.2,27.95,62.23,6.45,179.49,Coffee
107.8,93.4,51.8,27.07,81.9,5.84,98.32,Banana
85.2,24.2,54.3,26.84,83.69,6.14,50.37,Watermelon
129.4,50.3,19.9,22.53,77.61,6.84,89.96,Cotton
122.1,49.9,23.7,24.31,78.45,7.61,87.01,Cotton
110.9,6.9,53.3,25.28,85.96,6.09,46.75,Watermelon
120.7,50.4,17.4,23.93,79.29,6.15,65.31,Cotton
107.5,48.9,17.9,23.67,78.77,7.75,105.26,Cotton
82.9,42.0,42.7,21.31,83.24,6.43,240.91,Rice
101.9,16.8,32.6,25.91,53.73,6.23,126.58,Coffee
47.6,78.8,80.8,18.07,18.73,6.63,76.92,Chickpea
36.3,78.8,15.9,18.47,18.43,5.58,80.64,Kidneybeans
115.5,75.3,51.7,27.71,83.33,5.63,93.89,Banana
114.3,83.4,47.8,25.31,76.62,6.4,110.58,Banana
80.4,7.1,53.1,26.31,89.15,6.85,53.66,Watermelon
96.4,29.1,27.2,24.83,57.82,7.17,195.92,Coffee
66.7,39.2,15.4,24.63,68.28,6.37,102.21,Maize
64.7,49.4,37.7,23.88,86.51,6.83,204.77,Rice
118.4,74.9,53.8,28.52,79.54,6.04,115.49,Banana
95.6,43.4,38.8,20.66,85.78,6.04,235.87,Rice
102.9,27.7,46.2,25.6,88.79,6.41,49.64,Watermelon
95.2,51.3,20.3,20.92,61.66,6.6,109.71,Maize
48.7,67.5,79.3,18.37,15.25,6.97,71.09,Chickpea
73.9,57.5,15.2,23.97,74.27,6.47,106.84,Maize
44.2,79.6,82.5,18.18,17.54,7.82,62.35,Chickpea
36.3,79.1,75.8,18.1,15.35,6.47,64.22,Chickpea
38.0,73.0,16.0,18.62,22.37,5.81,70.64,Kidneybeans
107.4,92.6,48.2,28.35,76.88,6.12,100.09,Banana
107.2,41.7,17.0,22.99,78.06,7.11,89.4,Cotton
21.0,78.2,19.7,19.2,22.56,5.56,103.85,Kidneybeans
75.1,37.1,42.8,23.91,84.24,6.91,193.34,Rice
61.0,37.7,35.3,24.45,83.14,6.51,288.91,Rice
109.5,72.9,50.4,27.19,77.68,6.1,116.14,Banana
39.5,73.0,23.0,21.44,21.56,5.52,100.93,Kidneybeans
21.6,74.2,79.2,19.47,19.1,6.51,79.72,Chickpea
92.6,37.0,23.9,22.93,71.35,6.34,92.18,Maize
117.9,16.8,26.6,27.8,60.75,6.02,133.19,Coffee
98.2,35.5,17.0,18.07,67.95,6.88,72.17,Maize
115.1,25.6,29.7,23.53,62.99,7.04,184.54,Coffee
96.7,82.5,53.4,28.51,82.89,5.85,102.14,Banana
100.5,24.7,31.3,27.73,61.6,6.65,114.53,Coffee
24.3,55.3,79.2,17.89,16.92,7.57,61.31,Chickpea
124.0,39.2,18.8,24.47,84.7,7.46,106.13,Cotton
91.5,40.0,17.6,19.48,61.6,6.71,85.97,Maize
96.3,9.8,50.2,26.72,88.04,6.07,53.85,Watermelon
28.4,67.1,18.5,22.46,22.74,5.62,142.24,Kidneybeans
90.6,32.9,26.0,26.28,68.14,6.2,197.15,Coffee
90.4,39.0,19.6,18.08,59.93,6.67,109.59,Maize
85.1,26.1,48.6,25.98,84.71,6.2,52.03,Watermelon
92.2,49.6,23.7,19.85,57.24,6.12,62.85,Maize
76.3,44.3,17.6,24.51,64.92,5.9,71.01,Maize
113.3,42.9,16.1,23.47,75.99,7.53,108.31,Cotton
24.9,66.9,82.2,17.74,17.84,7.83,64.88,Chickpea
106.6,57.9,18.3,23.49,82.6,6.68,107.6,Cotton
114.1,71.1,54.9,25.65,82.96,5.89,104.77,Banana
36.7,78.5,19.2,15.46,18.24,5.73,95.36,Kidneybeans
88.8,16.1,51.2,26.31,81.04,6.96,57.8,Watermelon
99.0,29.8,52.7,24.63,85.01,6.23,48.19,Watermelon
118.0,83.6,50.3,25.71,75.01,6.31,92.63,Banana
61.2,42.7,22.0,19.82,68.47,6.96,64.7,Maize
85.8,39.4,44.4,26.68,89.15,6.37,181.85,Rice
103.1,34.7,27.4,26.41,64.32,6.73,117.97,Coffee
21.8,69.8,15.8,19.14,19.84,5.83,65.13,Kidneybeans
119.3,91.8,48.3,27.94,83.47,5.94,90.54,Banana
69.7,41.7,38.8,20.14,83.22,6.21,219.3,Rice
87.8,31.5,30.6,26.81,64.27,6.25,161.19,Coffee
19.1,64.7,15.2,22.51,23.85,5.55,80.83,Kidneybeans
107.1,16.3,31.0,26.7,54.22,7.01,112.73,Coffee
79.5,50.2,22.6,19.57,65.05,6.28,67.32,Maize
88.5,54.0,40.6,25.4,84.94,6.52,231.3,Rice
47.5,62.0,83.6,17.88,19.46,8.09,84.15,Chickpea
134.0,39.9,16.3,25.85,76.08,6.96,89.28,Cotton
28.8,74.3,80.2,18.04,16.23,5.9,68.99,Chickpea
73.4,53.6,16.6,25.36,71.64,6.41,60.32,Maize
88.2,27.5,28.6,27.98,59.6,6.58,160.93,Coffee
98.5,41.3,40.0,22.11,82.85,6.04,253.15,Rice
135.6,49.9,23.1,23.72,82.5,7.83,88.61,Cotton
101.1,82.2,48.1,25.71,77.14,5.61,110.49,Banana
103.2,33.6,30.0,27.21,58.92,6.85,175.87,Coffee
22.7,70.9,19.2,16.44,19.03,5.67,128.16,Kidneybeans
116.2,79.9,48.4,26.04,78.78,5.82,110.32,Banana
136.4,39.8,23.2,24.18,75.78,7.91,72.35,Cotton
91.8,19.3,52.5,25.14,83.03,6.46,56.36,Watermelon
68.8,59.4,18.4,19.64,70.79,6.59,84.91,Maize
112.4,9.9,47.1,26.03,84.05,6.93,41.78,Watermelon
109.6,44.7,15.8,22.59,77.98,6.18,105.54,Cotton
22.8,70.8,23.4,23.91,23.34,5.65,77.56,Kidneybeans
90.3,74.2,50.8,28.57,84.17,6.21,110.15,Banana
35.1,75.5,20.5,15.6,22.6,5.73,130.38,Kidneybeans
98.4,25.0,25.7,26.42,60.06,6.92,153.68,Coffee
123.9,51.6,19.2,24.8,79.11,7.01,60.37,Cotton
66.0,43.1,22.4,22.28,62.52,6.27,82.97,Maize
80.1,36.3,37.8,26.36,82.4,6.14,238.73,Rice
32.3,64.6,16.2,16.49,18.01,5.79,125.92,Kidneybeans
82.4,50.1,21.8,25.24,60.4,6.79,84.91,Maize
80.6,14.3,48.5,25.63,80.73,6.79,44.36,Watermelon
35.6,71.9,78.1,19.32,18.64,7.41,89.28,Chickpea
82.3,26.8,33.4,23.09,50.98,6.69,183.75,Coffee
22.2,65.2,78.1,19.03,17.63,6.96,66.54,Chickpea
80.4,28.0,30.1,25.23,69.34,6.69,187.71,Coffee
83.6,41.7,41.2,22.87,85.52,6.44,215.34,Rice
114.1,19.0,33.7,24.76,64.45,6.38,191.53,Coffee
95.9,70.2,51.3,26.58,84.73,5.69,100.37,Banana
87.6,36.0,43.0,24.4,80.82,6.87,290.5,Rice
35.2,76.9,79.9,19.11,19.96,6.28,68.24,Chickpea
25.5,60.4,22.9,15.62,20.85,5.72,116.56,Kidneybeans
99.9,47.6,41.0,20.47,87.5,6.21,287.77,Rice
111.6,5.8,54.7,25.58,83.03,6.36,41.33,Watermelon
98.3,86.1,51.9,29.35,78.42,6.27,106.84,Banana
116.4,80.3,50.4,25.25,75.02,5.74,110.42,Banana
96.7,32.1,33.6,23.5,51.81,6.32,188.73,Coffee
106.5,92.2,46.0,29.11,77.1,5.89,99.5,Banana
